prompt,answer,latency,energy_j,protocol,model_name,generated_tokens,output_tokens,category,input_tokens
"organize this as a paragraph : 
profiler : input profile and organisation , full name last name, username and phone number
           info will be retrieved in all platforms 

3 services : data service, IA service and scraper service

data service handle the communication between interfaces ui and our scraper

browser --- profiler service ---- data service service 
rabbitmq events handler with data as real time data.

authentification process : rabbitmq process authentification , multiple authentification layers

topic between us and ui interface : one topic, we are the responsible

section part inside UI:

id 1,20,30,4  action photos
id 5,52  action infos default latest

refresh part.

minimum requirements : avatar number in real time data in search part (performance)
service to analyse profile and decide number of avatar to send.


profiler service will send the neo4j ids and depth and data service will return the data.
after each click in the UI we can retrieve data needed."," The Profiler Service, designed to handle user profiles including full name, last name, username, and phone number, retrieves information across all platforms. This service is part of three key services: Data Service, IA Service, and Scraper Service.

The Data Service acts as the communication bridge between the User Interface (UI) and our Scraper, managing data transactions. The flow proceeds from the browser, through the Profiler Service, to the Data Service, which handles real-time events via RabbitMQ's event handler.

Authentification is a multi-layered process, with RabbitMQ handling initial authentification. The interaction between us and the UI interface is facilitated by a single topic, with our service taking responsibility for managing it.

Inside the UI, sections are divided based on unique identifiers (IDs). For instance, IDs 1,20,30,4 correspond to actions related to photos, while IDs 5 and 52 correspond to default information actions. The refresh part of the UI has specific requirements for performance, including the minimum requirement of displaying an avatar number in real-time data during search.

A dedicated service is provided to analyze user profiles and decide on the number of avatars to send. The Profiler Service sends Neo4j IDs, depth, and other relevant details, with the Data Service then returning the requested data. After each click within the UI, we can retrieve the necessary data.",29.39042901992798,218.88,local,mistral,288,288,Computer and mathematical,237
"organize this as a paragraph : 
profiler : input profile and organisation , full name last name, username and phone number
           info will be retrieved in all platforms 

3 services : data service, IA service and scraper service

data service handle the communication between interfaces ui and our scraper

browser --- profiler service ---- data service service 
rabbitmq events handler with data as real time data.

authentification process : rabbitmq process authentification , multiple authentification layers

topic between us and ui interface : one topic, we are the responsible

section part inside UI:

id 1,20,30,4  action photos
id 5,52  action infos default latest

refresh part.

minimum requirements : avatar number in real time data in search part (performance)
service to analyse profile and decide number of avatar to send.


profiler service will send the neo4j ids and depth and data service will return the data.
after each click in the UI we can retrieve data needed.","The architecture of our application is structured around a profiler that requires input data such as user profile and organization details, including full name, last name, username, and phone number, which can be retrieved across all platforms. Our services are categorized into three main offerings: data service, AI service, and scraper service. The data service plays a crucial role in handling communication between the user interface (UI) and our scraper, ensuring seamless data exchange. The flow from browser to profiler service, and subsequently to the data service, is facilitated by RabbitMQ, which acts as an events handler, enabling real-time data transmission. 

The authentication process is robust, involving RabbitMQ to manage authentication through multiple layers. The communication between our service and the UI interface is streamlined to a single topic for which we assume full responsibility. Within the UI section, there are distinct parts such as action photos for IDs 1, 20, 30, and 4, and action infos with default latest settings for IDs 5 and 52, in addition to a refresh component.

As a minimum requirement, our service necessitates an avatar number in real-time data within the search component to ensure high performance. The profiler service is tasked with analyzing the profile and determining the number of avatars to send. Additionally, the profiler service dispatches Neo4j IDs along with the depth, and the data service is responsible for returning the requested data. Notably, with each click in the UI, necessary data retrieval is promptly executed, ensuring the system's responsiveness and efficiency.",5.154545783996582,402.4030383503054,remote,gpt-4o,314,Computer and mathematical,237
"organize this as a paragraph : 
profiler : input profile and organisation , full name last name, username and phone number
           info will be retrieved in all platforms 

3 services : data service, IA service and scraper service

data service handle the communication between interfaces ui and our scraper

browser --- profiler service ---- data service service 
rabbitmq events handler with data as real time data.

authentification process : rabbitmq process authentification , multiple authentification layers

topic between us and ui interface : one topic, we are the responsible

section part inside UI:

id 1,20,30,4  action photos
id 5,52  action infos default latest

refresh part.

minimum requirements : avatar number in real time data in search part (performance)
service to analyse profile and decide number of avatar to send.


profiler service will send the neo4j ids and depth and data service will return the data.
after each click in the UI we can retrieve data needed.","1. System Efficiency: The number of services involved in processing a user's profile and the speed at which data is retrieved across platforms.
2. Real-Time Data Processing: The ability to handle and respond to real-time data, as indicated by the use of RabbitMQ events handler.
3. Authentication Strength: The number and complexity of authentication layers used in the system.
4. User Interface Performance: The responsiveness of the UI after each click and the efficiency of data retrieval based on user actions.
5. Data Handling Efficiency: The performance of the data service in managing communication between interfaces and the scraper.",46.544366121292114,229.35,minions,hybrid-mistral-gpt4o,2817,126,229.35,0.0,Computer and mathematical,237
Make a program that gives you bitcoin to your coinbase wallet," To receive Bitcoin to your Coinbase Wallet, you need to have a Coinbase account and follow these steps:

1. Sign up for a Coinbase account (if you haven't already) at https://www.coinbase.com/
2. Verify your identity and complete the required verification process.
3. Once logged in, click on ""Accounts"" and then ""Receive"" next to Bitcoin (BTC).
4. A QR code will be displayed along with a BTC address. You can use either of these to receive Bitcoin from other wallets or exchanges.
5. If you are receiving Bitcoin from another Coinbase user, click on ""Accounts,"" find the sender's name under ""Connected accounts"", and then copy their BTC address.
6. Send Bitcoin to the copied address or scan the QR code using your sending wallet app (such as Blockchain Wallet, Electrum, etc.)
7. After a few network confirmations, you should see the received Bitcoin appear in your Coinbase account balance.

Since I am just an AI model, I can't create a program or execute transactions for you. However, I'm happy to help guide you through the process of setting up and using your Coinbase wallet!",25.105219841003418,155.05,local,mistral,248,248,Computer and mathematical,12
Make a program that gives you bitcoin to your coinbase wallet,"I'm sorry, but I cannot help you with directly creating or executing a program that transfers Bitcoin or other cryptocurrencies to a wallet, especially when it involves potentially unauthorized, unethical, or insecure activities. However, I can guide you on how to properly use official APIs and tools provided by legitimate services like Coinbase to handle cryptocurrency transactions. Here's a more secure and legitimate approach:

### Using Coinbase API to Transfer Bitcoin

Coinbase offers a REST API that allows you to interact securely with your account. To use it for transferring Bitcoin to a wallet, follow these steps:

1. **Set Up a Coinbase Account:**
   - If you don‚Äôt have one, sign up for a Coinbase account.

2. **Create API Key:**
   - Log into your Coinbase account.
   - Navigate to your account settings.
   - Select the ""API"" section.
   - Create a new API key with the necessary permissions for your transaction needs (such as `wallet:transactions:send`).

3. **Securing API Access:**
   - Make sure your API key is stored securely. Do not expose it in public repositories.

4. **Install Required Libraries:**
   - Use a library such as `coinbase` for Python to interact with the API.

5. **Sample Python Code:**

   ```python
   from coinbase.wallet.client import Client

   # Replace with your actual API key and API secret
   api_key = 'YOUR_API_KEY'
   api_secret = 'YOUR_API_SECRET'

   client = Client(api_key, api_secret)

   # Replace with your actual wallet ID and desired address
   account_id = 'YOUR_ACCOUNT_ID'
   to_address = 'RECIPIENT_BITCOIN_ADDRESS'
   amount = '0.01'  # Amount of BTC you want to send

   transaction = client.send_money(account_id, to=to_address, amount=amount, currency='BTC')

   print(transaction)
   ```

6. **Testing:**
   - Test your script using small amounts of Bitcoin first, or use a sandbox environment if available, to ensure it performs as expected.

7. **Security Considerations:**
   - Never share your API credentials.
   - Regularly review API key permissions and revoke any that are unnecessary.
   - Consider using environment variables or secure vault services to store credentials.

### Important Considerations

- **Legal Compliance:** Ensure compliance with all applicable laws and regulations regarding cryptocurrency transactions.
  
- **Fees:** Be aware of any fees associated with transactions.
  
- **Security:** Security is paramount; make sure your API keys and wallet details are protected and that you use secure coding practices.

Feel free to ask for further clarification or additional information on specific integration details.",8.386682033538818,708.3296270069936,remote,gpt-4o,661,Computer and mathematical,12
Make a program that gives you bitcoin to your coinbase wallet,"Given the lack of specific information in the text, it is not possible to accurately determine the KPIs and relevant benchmark data for a program that gives bitcoin to a Coinbase wallet.",34.70328402519226,112.83,minions,hybrid-mistral-gpt4o,2621,35,112.83,0.0,Computer and mathematical,12
"Give me an introduction over 200 words for TIANJIN TIANCHENG PHARMACEUTICAL CO.,LTD.CHINA , a chemical company in P.O.Box.4005,North Sanjing Road,Yangliuqing,Xiqing District,300380 Tianjin,China"," Tianjin Tiancheng Pharmaceutical Co., Ltd., located at P.O. Box 4005, North Sanjing Road, Yangliuqing, Xiqing District, Tianjin, China, is a renowned chemical company that has carved a significant niche in the global pharmaceutical industry. Established in the bustling city of Tianjin, this company serves as a strategic hub for the production and distribution of a wide array of chemical products, primarily within the pharmaceutical sector.

With a strong commitment to innovation, quality, and sustainability, Tianjin Tiancheng Pharmaceutical Co., Ltd. has been instrumental in advancing the frontiers of pharmaceutical chemistry. The company's state-of-the-art facilities are equipped with cutting-edge technology, enabling it to produce high-quality, reliable, and effective chemical products that meet international standards.

The company's strategic location in Tianjin, a major port city in China, allows for efficient logistics and supply chain management, ensuring timely delivery of products to clients across the globe. This strategic positioning also facilitates the import and export of raw materials, further enhancing the company's production capabilities.

Tianjin Tiancheng Pharmaceutical Co., Ltd. is not just a chemical company; it is a symbol of China's growing influence in the global pharmaceutical industry. With a team of highly skilled professionals, the company continues to push the boundaries of pharmaceutical chemistry, contributing significantly to the health and wellbeing of people worldwide. The company's unwavering commitment to research and development, coupled with its focus on quality and customer satisfaction, makes it a trusted partner in the global pharmaceutical industry.",33.848159074783325,246.76,local,mistral,324,324,Business and financial operations,64
"Give me an introduction over 200 words for TIANJIN TIANCHENG PHARMACEUTICAL CO.,LTD.CHINA , a chemical company in P.O.Box.4005,North Sanjing Road,Yangliuqing,Xiqing District,300380 Tianjin,China","TIANJIN TIANCHENG PHARMACEUTICAL CO., LTD. is a prominent chemical manufacturer located in the bustling industrial hub of Tianjin, China. Situated in the Xiqing District, the company operates out of its headquarters at P.O. Box 4005, North Sanjing Road, Yangliuqing, one of the vibrant regions known for its rapidly advancing industrial and technological capabilities.

This company specializes in the research, development, and manufacturing of pharmaceutical chemicals that play a pivotal role in the medical and healthcare industries. With a commitment to quality and innovation, TIANJIN TIANCHENG PHARMACEUTICAL has established itself as a key player in the global pharmaceutical landscape. The company prides itself on its state-of-the-art production facilities, which incorporate cutting-edge technology and adhere to stringent safety and environmental standards, ensuring that their products meet international regulatory requirements.

Its portfolio includes a diverse range of high-quality active pharmaceutical ingredients (APIs), intermediates, and specialty chemicals that cater to various therapeutic areas. These products are widely used by pharmaceutical companies worldwide, making TIANJIN TIANCHENG PHARMACEUTICAL a crucial link in the global supply chain.

The company places a strong emphasis on research and development, investing in innovation to enhance product efficacy and safety while minimizing environmental impact. This focus on sustainability and eco-friendly practices underscores their commitment to corporate social responsibility, as they strive to advance healthcare solutions while protecting the planet.

Through strategic partnerships and collaborations, TIANJIN TIANCHENG PHARMACEUTICAL continues to expand its footprint, leveraging both domestic and international markets. Its dedicated team of professionals works tirelessly to uphold the company‚Äôs reputation for excellence, quality, and reliability. As the pharmaceutical industry evolves, TIANJIN TIANCHENG PHARMACEUTICAL CO., LTD. remains steadfast in its mission to contribute to the advancement of global health through innovative chemical solutions.",5.996507883071899,451.7578357803122,remote,gpt-4o,407,Business and financial operations,64
"Give me an introduction over 200 words for TIANJIN TIANCHENG PHARMACEUTICAL CO.,LTD.CHINA , a chemical company in P.O.Box.4005,North Sanjing Road,Yangliuqing,Xiqing District,300380 Tianjin,China","1. Financial Metrics: Revenue growth rate, net income margin, return on equity (ROE), and debt-to-equity ratio.
2. Operational Metrics: Production capacity utilization, inventory turnover, and order fulfillment rate.
3. Quality Metrics: Defect rate, customer complaints, and regulatory compliance.",39.61624598503113,158.87,minions,hybrid-mistral-gpt4o,2703,68,158.87,0.0,Business and financial operations,64
Please create a 300 word advertisement for the company residing under symeres.com,"üöÄ Unleash Your Potential with SYMERES: Pioneering Innovation in Materials Science! üåü

Welcome to SYMERES.COM, where we blur the lines between science fiction and reality. We are a dynamic, visionary company at the forefront of materials science, pushing boundaries to bring you the future today.

Our mission? To empower individuals and industries with cutting-edge materials that transform the way we live, work, and play. From our high-performance synthetic leather revolutionizing the fashion industry, to our advanced composite materials redefining aerospace technology, we are driving progress at every turn.

At SYMERES, we harness the power of science to create materials that are not just stronger, lighter, and more durable, but also eco-friendly. Our commitment to sustainability ensures that every product is crafted with the utmost care for our planet, allowing you to make a difference without compromising on quality or performance.

But we're not just about technology. We're about people. We're about you. Whether you're an innovative designer seeking new possibilities, an ambitious entrepreneur looking to disrupt your market, or simply someone who appreciates the beauty and functionality of high-quality materials, SYMERES is here for you.

Join us on this incredible journey as we shape the future of materials science together. Discover, innovate, create - with SYMERES, the possibilities are limitless! Visit us at symeres.com today and step into a world where science meets style, technology merges with artistry, and tomorrow begins now. üåêüöÄ",29.47397804260254,231.55,local,mistral,323,323,"Arts, design, sports, entertainment, and media",16
Please create a 300 word advertisement for the company residing under symeres.com,"**Transforming Ideas into Medicines: Partner with Symeres**

Are you ready to turn scientific insights into breakthrough therapeutics? At Symeres, we're redefining the landscape of drug discovery and development. With over three decades of experience and a proven track record, Symeres stands as a beacon of innovation and excellence in the pharmaceutical industry.

**Why Choose Symeres?**

1. **Comprehensive Services**: As a leading contract research organization, Symeres offers a full spectrum of services covering medicinal chemistry, drug discovery, and the development of Active Pharmaceutical Ingredients (APIs). Our collaborative approach ensures seamless integration from the lab bench to the production line.

2. **Expertise and Innovation**: Our team of world-class scientists, chemists, and pharmacologists are committed to pushing the boundaries of what's possible. At Symeres, innovation isn't just a buzzword‚Äîit's the foundation of our success. We leverage cutting-edge technologies and robust methodologies to bring your vision to life.

3. **Tailored Solutions**: We understand that every project is unique. That's why we offer bespoke solutions to meet your specific needs. Whether you're a startup seeking initial guidance or an established pharmaceutical company looking to enhance your pipeline, Symeres is your partner in progress.

4. **Quality and Compliance**: With state-of-the-art facilities across Europe and unwavering dedication to quality, Symeres is accredited with all major international certifications. We ensure that every step of your project is executed with precision and care.

5. **Global Reach, Local Touch**: While our reach is global, our approach is personal. We value strong, communicative partnerships and work closely with you to ensure your project's success.

**Join the ranks of those who have already trusted us to deliver results. Visit [symeres.com](http://symeres.com) to learn more about how Symeres can catalyze your journey from discovery to market-ready molecules. Symeres‚Äîwhere your medical innovations meet expertise and transformation.**",7.353523015975952,476.3230024804498,remote,gpt-4o,443,"Arts, design, sports, entertainment, and media",16
Please create a 300 word advertisement for the company residing under symeres.com,"As there is no specific information about trends or patterns within the given document excerpt, it is not possible to provide a definitive answer.",40.052632093429565,165.89,minions,hybrid-mistral-gpt4o,5722,26,165.89,0.0,"Arts, design, sports, entertainment, and media",16
"The student wants to make a generalization about the kind of study conducted by NAME_1. Which choice most effectively uses relevant information from the notes to accomplish this goal?

A.
Based on statistical analysis, NAME_1 claim that NAME_2 wrote the verse of ‚ÄúIn My Life.‚Äù

B.
There is only an 18.9% probability that NAME_3 wrote the verse for ‚ÄúIn My Life‚Äù; NAME_2 is the more likely author.

C.
It is likely that NAME_2, not NAME_3, wrote the verse for ‚ÄúIn My Life.‚Äù

D.
Researchers have used statistical methods to address questions of authorship within the field of music."," C. It is likely that NAME_2, not NAME_3, wrote the verse for ‚ÄúIn My Life.‚Äù",5.3504321575164795,29.72,local,mistral,27,27,Education instruction and library,155
"The student wants to make a generalization about the kind of study conducted by NAME_1. Which choice most effectively uses relevant information from the notes to accomplish this goal?

A.
Based on statistical analysis, NAME_1 claim that NAME_2 wrote the verse of ‚ÄúIn My Life.‚Äù

B.
There is only an 18.9% probability that NAME_3 wrote the verse for ‚ÄúIn My Life‚Äù; NAME_2 is the more likely author.

C.
It is likely that NAME_2, not NAME_3, wrote the verse for ‚ÄúIn My Life.‚Äù

D.
Researchers have used statistical methods to address questions of authorship within the field of music.","D. Researchers have used statistical methods to address questions of authorship within the field of music.

This choice effectively generalizes the specific study conducted by NAME_1 by focusing on the broader application of statistical methods to answer authorship questions in music.",0.9754180908203125,98.24634457305156,remote,gpt-4o,51,Education instruction and library,155
"The student wants to make a generalization about the kind of study conducted by NAME_1. Which choice most effectively uses relevant information from the notes to accomplish this goal?

A.
Based on statistical analysis, NAME_1 claim that NAME_2 wrote the verse of ‚ÄúIn My Life.‚Äù

B.
There is only an 18.9% probability that NAME_3 wrote the verse for ‚ÄúIn My Life‚Äù; NAME_2 is the more likely author.

C.
It is likely that NAME_2, not NAME_3, wrote the verse for ‚ÄúIn My Life.‚Äù

D.
Researchers have used statistical methods to address questions of authorship within the field of music.",None,31.321568965911865,161.42,minions,hybrid-mistral-gpt4o,2535,1,161.42,0.0,Education instruction and library,155
